GreenFuture,SUS_IND
0.306913416996635,-0.141065979981898
1.18401225649895,-0.0212877955644368
0.135444605331879,0.061191201196247
-0.419166648913003,0.0920064960428646
0.30535824941057,0.118046554074202
-0.51099131944763,0.215773308284649
-0.721251404349975,0.185867994850511
-0.261944372042145,0.0896629435564222
-0.341974015281754,0.100344648432643
-0.575725567216819,-0.0524612086793917
1.13436746901287,0.000370764042701064
-0.0349163292373513,-0.0101635726677755
-0.0485552460527885,-0.00402077455891973
-1.49637564300626,-0.013673833603872
-1.04550742415626,0.140999512398029
0.580171959732247,0.10950685129806
1.17321736278099,-0.101673391186153
1.10792992096035,-0.0691759956989088
-1.52854607672975,-0.0759330679899966
0.436857133304627,-0.00591233776727397
0.883025617398634,-0.0850673359323454
-1.74332998521695,-0.150830212075256
-2.49607307878404,0.0949179568972332
-0.0123691442249624,0.0295293866523837
0.16862529469235,-0.000578301006156717
-0.116975314577532,-0.0637071984139679
-0.012217288177295,0.00825064504163727
0.430131261069633,0.111888620906389
0.862883355013769,0.0578954718160506
0.954746540743606,-0.0643569680170253
1.46489736127361,-0.0986618767125286
0.659866095628681,-0.0528819372223695
-1.58380253118524,0.0262850848300966
-0.908109069565623,0.0338879429234887
-1.51267936457516,0.0658467966626353
0.195880605517259,-0.0920004231474039
-1.02177034415408,0.0214916313495063
-0.762791051869922,0.00290336713617506
-0.61751147216441,0.16853429030865
0.921118047117588,0.0583635160076363
0.0205111314438327,0.0278467490986329
-0.351134335054393,0.0355981122926035
-1.63703643759925,0.0712518714157847
-0.368817283900171,-0.0165374900880598
-0.129979963700959,-0.0337234411238239
-1.53121425662101,-0.117460494372876
-2.1030659412253,-0.0904460533743512
-3.21173761286655,-0.152991252217182
0.838803635875046,-0.0546738016157976
1.99162165301457,-0.0259384095437193
2.07496576143248,0.0246786284377569
1.17154219937683,0.125669123391112
0.0223302354860875,0.0837671476079344
0.18121224687719,0.175847793002273
0.742730929429322,0.0899524824231991
0.593470815469615,0.103585074009492
-1.6226234538944,0.0919782659313366
-1.28592984835334,0.0735264688155353
-0.687767095541999,0.121624028749133
-1.4229404591598,-0.112860239475957
-0.963646567988268,-0.0889085277248098
-1.03860611119753,-0.11326813310871
0.956418054082024,-0.0438574264633365
0.519969537652428,-0.0235079090493395
0.267220362496044,0.0553305858645232
-0.346094170672586,0.0183565764920327
0.706231955180351,-0.0366799939761264
0.176387156081575,0.0360069924184458
-0.00922519985637882,0.0914319309317952
1.0119894444004,-0.0253592059708361
1.04474201898514,-0.0814492656810043
1.51922352378189,-0.0692893668269265
2.63231933474494,-0.0687132582467771
0.809662137812378,0.105649979489871
-0.938401959135681,-0.014037524746036
1.13061510133685,-0.0634889033281325
-0.0261183963263339,-0.062387276888032
-1.21624822017135,0.194789572904202
-0.109206691237517,0.0292224259047721
-0.324677282595209,-0.237735880898787
-1.9013592544881,-0.0436562365962886
-1.29430069629931,0.019299224738886
0.0341847380080618,-0.133445269483322
0.871366096391681,-0.161858807759362
-0.503001311240309,-0.035313103035403
0.546868064942349,0.0101264131864739
-0.164045178034248,0.216372515070579
-0.538368318141854,0.188239443429564
0.380353594867049,0.155324944033415
1.39633237633073,0.291098794908329
1.41399307582056,0.110807721612538
0.152506101118179,0.037179934965563
1.38149259666793,-0.093804581484513
0.465031921003676,0.0543283911797198
-0.603382174739117,-0.101186436296713
-1.0317137376807,0.0640042727224972
-1.02296740692963,0.0300929102087415
0.164765028948259,-0.0819576123277858
0.625675905018438,-0.115819609362255
-0.964000916978892,-0.058471612112849
1.67416954812428,-0.0475087899017977
0.990764997785399,-0.00966198501733736
-0.0125588837429912,0.123054512187615
-2.38357531922199,0.0314768445821759
-1.19955194574469,0.06442235214009
-1.55669611858726,-0.0403532032912486
0.0183079639382856,0.124012849987033
-0.398631006611666,0.0641271267759054
0.724205969056218,0.164180006811981
0.820557967574899,0.224038745076455
1.87052825082454,0.157586147283569
0.408113950787699,-0.0320002062125563
-0.338424933081651,0.0660011693130339
-0.0584344791983988,-0.090462396357344
-0.467275220143398,-0.071244024185419
-0.68845804147392,0.0179458534484148
-0.258168014401958,0.214574926838962
0.385905322994489,0.194718965698783
1.17701195992592,-0.0373482890586761
0.804595382432057,0.0393497947761822
0.355479610468945,0.100747321774025
-1.32042066359106,0.175308602203396
0.0742617552319352,0.305171237734708
1.57122130668836,0.284687652604633
0.373111021876322,0.3094588046077
1.43702807982468,0.0506568158122826
-0.1955792798487,0.016572060574688
1.59446110667596,0.227961388600779
2.31234905832419,0.0690389873924952
0.6202321493651,0.109627168142224
1.56805434811208,0.144485052285759
-1.15278699580643,0.0496548585548682
-0.82773285127641,0.122811536229783
-2.85537177549755,0.123809098053494
-1.1549353833596,0.111935355107184
-0.966043863121693,0.0202323508212013
1.40571584301104,-0.0657555952243938
1.15902451187387,-0.103100768859197
-0.848200711195557,0.0258020320821596
0.382584053176862,0.0568535332723693
0.967549871352565,0.0599863205049838
-0.154913008271832,0.0375784193588483
0.673998595014654,0.135238127834402
0.520101829560973,0.0418552371385871
0.478055096635418,0.13118084762665
1.08423184134099,0.141992094735168
-0.357455208131355,0.128625801501877
0.934082917501636,0.15710638820328
-0.695207228194451,0.0177300373349406
-0.768140561574278,0.197018533615172
-1.68237950233952,0.0340928581890258
-1.05963868263215,0.0284451537954497
0.699717016614744,-0.0281691995538441
0.800677978143403,-0.0400963869425197
1.74003542557133,-0.104838576498472
0.846012116643563,-0.0850615901038341
-1.23955561348504,0.0581584883029881
-0.271362673452871,0.162218324329368
0.775518604224332,0.1996926105497
1.62857230526672,0.213996493441267
2.84407241402012,0.240935395782123
0.676760673649062,0.243229521129909
-0.309383174293427,0.137131778054388
-1.13057088921801,0.307077018915648
-0.659828238385461,0.180435252289466
-0.588497421609071,0.0752819358253585
-1.13542560483537,-0.148814862509192
-0.897802980862531,-0.0288697886079836
-0.411529882431085,-0.0198625218775711
0.279091412266325,0.0871266414939048
0.401837978647981,0.00674602363711845
1.46433983772186,0.0971478091552385
0.602633418994054,0.0758558770962639
-0.498148107124246,0.0642094201069979
0.897651234419853,0.0866548187940476
0.161007392040665,0.0529051042500887
0.0634848054552309,0.211706827730652
0.876571478465117,0.249002827870085
1.94260833685352,0.190242642161582
2.19193834458729,0.185304182421727
-0.448428693709124,0.206631016970681
2.21730596691887,0.200987279903551
1.54970114483126,0.169266806854428
-0.0122395264953008,0.210511982273189
1.79593037590758,0.147013155066465
3.63060834645505,0.121389511930228
1.74212936166549,0.287524276876104
1.71846360585083,0.261923888706839
0.315043402295627,0.226844539393417
0.127123514737091,0.223012631383541
0.192500448977193,0.111896184586016
0.435749153511959,-0.0470802651703861
1.75219085774272,0.0264693093777069
2.13213915330696,0.0684862711119154
-0.179654419350918,0.0735316008926852
0.976551106946415,0.108386206306267
1.59912490497385,0.168412618550892
1.80668415647609,-0.011312403652295
-0.000827333543646835,-0.180344117603506
-0.820314905608014,-0.197195732528372
-0.478719070047557,-0.162902993591404
-1.61144212175395,-0.0657917524453162
-0.0677417616085536,-0.0549264659238046
0.303931924688653,0.00156069888139475
0.12194940057607,0.0795560385127188
0.891528888239265,0.20484120529766
-0.515905993252068,0.0390557789411223
1.08537688121943,0.132552411153795
0.820095626648122,0.0892862899925496
0.714907307241404,0.0647217641964123
1.06864260861317,0.166181299287993
1.97665760872212,0.0989206632713185
0.544594060451652,0.133570767464474
-0.21199443815207,0.0824531483946023
0.265388413349024,-0.0624757647741202
-1.52188763943521,0.11071074458643
-1.30706349710042,0.137405699981786
-0.936724072686069,-0.111702674248978
-1.01961992185968,0.142278343591824
0.312191870620281,0.0859322853844647
-0.613786413936537,0.105060527910564
-0.21866463985594,0.119451457071082
-0.369651987754677,0.226524515164759
-1.1981534505889,0.134189664878496
0.42251186358836,0.158777814862386
0.879884391280049,0.208566609994579
0.831377381725396,0.0861314038437334
-0.609604049036888,0.35603837535314
-1.13620568146832,0.0441349061625831
-0.447757500818192,-0.076059652736548
0.907694060792795,-0.0973981736276488
-0.825104264772825,0.00227065099914937
-1.28225046330266,0.0210607077859873
-1.32461279421719,0.0452286251464217
-0.196256032007985,0.039694958083293
-0.804324073870524,0.0059746608651146
-0.45080213912482,-0.0108200677897226
0.5359613015654,0.12285046373885
-0.452661277776886,0.145987771470357
-0.129667663829272,0.129589804750051
-0.0215643684208858,0.159323968458978
1.20494500290951,0.0651549447315755
0.422669538029769,0.0893293027192171
-1.86956165645607,0.0413905211101342
-1.15400767566753,0.106801303497167
0.674963726799773,0.185716636725101
-0.926216616305517,0.0643024520373129
-0.674176028268698,-0.0105936554765186
0.71109242489637,0.115884485624702
1.7184633544452,-0.0417878566963061
1.02019842644949,-0.0595720678804252
0.00374412577172173,-0.0948009668589909
-0.270313591823724,-0.075966779178453
0.178244759121148,-0.0349620943247293
-1.58844190430413,-0.00085979323589698
-0.165177396956365,-0.0361780220685053
-1.93732278974918,-0.245292005356243
-0.270799928352805,-0.0112479922439524
-1.76702882861435,0.0988385678242068
-0.79729456532956,0.246321522197412
0.40799543524068,-0.0476291379495567
0.0967785383900799,0.0530454555115675
-0.694293765096829,-0.0273451831627891
0.933539266025971,-0.0335565558564389
0.0237407883232782,-0.085543318052664
0.525935470094755,-0.029946650407037
-0.113346324894914,-0.0854656186026348
-0.0179878047538866,0.0998855505139779
0.989638423008042,0.0516838502794098
0.0733522867839555,0.0171928373052727
1.7517998379153,-0.0522437680522773
-0.0114182050394797,0.0175446673233838
0.424043324764125,-0.178090762934088
-0.0838857824459982,0.0450525455789871
-0.326106086177708,-0.035976459328751
-0.382214385674319,0.0537612554640869
0.5855376733793,-0.0437812409024158
1.39515280396568,-0.114795122367487
0.890083977726164,0.00978050109843653
1.9502584211141,0.00267966241378801
1.10450445808961,0.223646359962397
0.0655477388346347,0.249772697360736
0.103180580819956,0.144054294548494
0.40305763027101,0.0555684599480962
1.85185375552595,0.0259894550875731
1.45881783638298,0.0953570419673791
0.387678702994813,0.0517622020155967
0.332764507999557,-0.0435147390410702
0.939350861607745,-0.0117181354274804
0.42632747780994,-0.244626989365259
0.583354080426088,-0.119386624746285
-2.55807899850761,-0.129614856917274
-1.71289520128611,-0.142984885059532
0.0669091972689224,0.0346813842189703
-0.991237841803194,-0.0139949343296988
-0.889148905316351,-0.00974982178254892
-0.0163313474273247,0.0558551044532294
-0.0361349718260373,0.0175481662065177
-2.39015108130381,0.0550478078811464
-0.860815070680035,0.152913494825672
-1.24064992233628,0.0330635141280388
-0.2224724354529,0.01590218071908
0.551071686276808,0.0742537378076669
0.397305434781019,0.204282646240218
-0.939395264122081,0.124445157200383
-1.51733186707697,0.139193628803866
-1.15673938300253,0.105859947562626
1.81344655458135,0.128770344686345
0.125529607472196,0.061882097981049
0.627480504473997,0.0149742451634143
-0.0350428565048785,-0.0457221238785911
-0.618731365104408,0.0631547420516846
0.0162096850152071,-0.122839887645786
-1.20828737308707,-0.0625168871637232
-0.78165064863415,-0.0355168200806137
-0.189647742453305,0.211123075277856
1.00598492010072,0.0934833724146738
1.25627154263238,0.215863054045196
1.48086209283279,0.0968546391529735
0.802967073919468,0.0476674632147531
-0.417979950821504,0.0409178382535657
-2.5650653522888,0.0149269044549354
0.194621378344619,-0.0373807378469161
0.204973305925843,-0.0641578078764071
-1.98511536131599,0.0604405995287266
-0.202930800182804,0.275939457457489
0.0659303950067785,0.27533943608355
0.942300037938786,0.0588324622271185
0.955762283220395,0.0175349496329271
-0.639040568112636,-0.0460753500728438
9.05530847436498e-06,0.022405329416407
-2.14114402008727,-0.0129495778485544
-2.2844291248965,0.0446323211452552
-0.529805794787865,0.103419128656632
0.693698480827523,0.0109038791361524
-0.668044851871228,-0.064504597100788
-1.74973686423782,0.0765290651794976
-0.2977055772853,0.112971434320781
0.0299651541872834,0.1033002486517
-0.561870327928781,-0.0534474850167533
0.118648628261275,0.202903576754681
0.97642297833009,-0.0541220057191073
0.326234055458846,0.262451280470281
0.827497432707147,0.265565702710095
0.759557086692817,0.159515695850089
-0.0648266796495043,0.107148891300671
-2.02967235253355,0.0072415665012782
-0.650682664367564,-0.0782126233451568
0.37347369499515,0.170180233568284
1.45777514804142,0.123864980780984
2.46205276428713,0.11013351628545
-0.637722999877858,0.198851960089568
1.39476473283653,0.219143984846984
0.822892363301114,0.15658122364649
1.52054727975728,-0.0216170833544084
0.470117817124869,-0.0792478814379165
-0.402561193947776,0.0821242201404635
-1.41937729873474,0.112217900085497
-1.12813320872288,0.214282280182069
0.747707391021815,0.152203044325077
0.00454027677070967,0.225541517551004
-0.434482609361326,0.175015824550782
0.0293861258317844,0.0515973789473992
-1.28286736166767,-0.011494785067148
-0.109883946679966,0.169807063296877
-0.487343909639351,0.250517122179845
-1.40455850756497,0.0391339823284215
-0.453896593374343,0.168401392134523
-0.382056041513645,0.0828941774771449
-0.524391034692674,0.0106777085463397
-0.534479921749501,0.0212855767266871
2.38913056956727,-0.00457155220060494
0.855326141907582,0.122797638118939
-2.41839573217303,0.169767234707544
-1.23369254304639,0.258176897715228
-0.329098799315625,0.239340629739275
-0.0697257758934252,0.0145938221383103
0.0743325842333762,0.0369588911721762
1.2678817403121,-0.0199072758338114
0.473123541698371,0.0178758979647888
1.6293871617192,0.131097325069254
0.564496965766929,0.200938943612306
0.594028048725695,0.217922957281655
0.774092505158414,0.139119860353606
0.687708208759885,0.0865147857867635
0.261016305382638,0.105547274698828
-0.287745624604766,0.120610962362288
0.764858065987262,0.35144687568626
0.4201344662987,0.302656020646594
0.109519720047036,0.225732812386308
0.279928342045962,0.201928536614258
-0.0771609850730093,0.218521220769809
0.0683881870247055,0.115423769641855
0.627346876436707,0.102419370157903
-0.586703102326567,-0.00289003421127763
-2.18366021774357,0.0889326194795065
-0.287740700688089,-0.00765908351023495
-0.848636810519034,0.0930294044445354
-0.523562033430691,-0.0572330124812795
1.1920674656659,-0.158295168064092
0.100879111773957,-0.00928107443831221
1.02667368335858,0.039052715806863
0.362934865724897,-0.0340521541469179
-0.878546099218948,-0.0460686396384026
-0.30995988530906,-0.0592402343758162
1.1384290524322,0.0739221707442564
-1.29349238646925,0.182660320008524
-0.167923879983258,0.0685239587247223
-0.0779397991334825,0.0424957649550739
-1.2744274143771,0.1647152260388
0.0695623154604093,0.240249987163954
0.924009282695632,0.23060344806922
-0.351684270129728,0.323374145564684
-1.53036444493786,0.129580162478049
-0.441458982372184,0.12019204995893
-0.325443407022531,0.0482303298144816
0.800037546680173,0.0728918148108524
0.485638099207805,0.161741587992833
-0.829015618148216,0.0855487602341441
0.436396200710539,0.186635984633774
1.90238232248392,0.127700425636666
1.22200717784711,0.103207391189011
-0.723401830473675,0.0935087772261203
0.252528701916603,-0.0822702169322946
0.0216530320174756,-0.111948165867967
1.50952751982529,0.143553180054643
0.934632458942578,0.155675050831414
-0.141325528535353,0.128650815137833
0.820789451722146,0.0953829537102641
-0.990277085246294,0.160788710853256
1.44227202399819,0.225941092944487
1.73138026931727,0.0348605994186721
1.12378593364348,-0.0479135105300556
0.18937119635587,-0.174740551285668
0.722700847167246,0.0450301249825271
1.7834902552412,0.0257945647906392
0.0450169604294024,-0.00400435715910879
0.73130342860681,0.109528707595863
-0.183408898065285,-0.0610149837623006
1.07051390963747,0.00461094731751345
1.23018555478632,0.0834514817914294
1.22033352519196,0.282316678841616
1.076484715371,0.311366553423296
0.0883501025639314,0.245758286440381
-0.949651363274092,0.25281200280499
0.803431356772811,0.139568960169441
1.04539254255015,0.147836873083532
1.50044066262741,0.165492874585265
-0.2545747799042,0.180994204551801
-0.663119212032598,0.0838753057783297
2.41346442090121,0.123548800156382
2.20439069910928,0.0187581771960139
-0.75443837625598,-0.0780775591864938
-0.558733270763992,0.0753580748883206
-0.122168878636317,-0.108076791721328
0.0411455965778526,-0.203179458030383
-0.464339576868957,-0.158261241901708
-0.166081683617138,-0.0223804596073759
0.992849986713296,0.0966986140930539
0.105623599909414,0.0950404267706334
1.43106258740552,0.0986350227161975
-0.878695236399333,0.00962600970132507
0.19307491458025,0.0778542157151974
-1.10191710941616,0.075883866253014
1.1374663001372,0.136824851316506
0.540993381340303,0.0892264126210139
0.464773460401846,-0.110788473400527
-0.537636927098086,-0.158532184968756
-0.852341998449033,-0.0271578878058677
-0.291454423790331,0.0174821987147289
-0.469362493097954,0.0860348202169214
-0.564564474255882,-0.000515977055406812
-0.273863774854688,0.177516237764573
0.992381424018578,-0.0418706736311983
1.62477767975791,-0.0678753473587508
0.358940398065442,-0.0635245614647563
-0.159728233112606,0.0218806604985762
-0.193558392311327,0.0647753352774701
-0.57898540031759,-0.0736327243535604
-1.31439087468111,0.11494608026053
0.280064766514404,0.0352195623430198
-0.709150048669813,0.155593363096567
0.737606369114202,0.112848220624377
-0.175596984818082,0.07972575025911
-0.501746905183144,-0.0623624404072759
0.422780083541179,-0.214648290118162
-1.15796689714451,-0.254909246655311
-0.640324293629861,-0.263497198240794
0.341914712785593,-0.211196593983277
-1.73891989958842,-0.0856810920898925
-1.57478325587831,-0.195280864908145
-0.967938309222164,-0.248659601476116
-0.799304371294058,-0.0954281182134532
0.416837639284106,-0.182856511036211
0.420709135135295,-0.173766691416107
0.565047521139781,-0.238501076770677
-0.588841494322051,-0.191472805783282
-1.31294537097127,-0.165219238756492
0.47107117661883,0.00234574263440346
0.968244535316257,-0.0235912524139676
0.867848494804694,-0.0661624348855203
1.03707552288394,-0.316406126940571
0.692975831673997,-0.068200506738382
0.709369094241479,-0.20313396542037
-0.336742142453239,-0.21715218875015
-0.465066360364041,-0.0219790816178743
-0.939973522218553,-0.064229119531462
0.0761233002131967,-0.222070364123906
-0.235401973406924,-0.0892007965793088
-1.08207432289193,-0.16127667660135
1.35345855325745,-0.198904910942437
1.36958736400741,-0.152992618162822
0.886424999423577,-0.113742202174278
0.188700955770505,-0.0445709198388329
0.0313075715062296,-0.0850397466021141
0.438710645842677,0.0154741864103003
-0.821900973145985,-0.162406580605092
0.947376309066516,-0.152139831648914
-1.18628318426116,-0.00300021033766965
-0.798934561816578,-0.0756828827736277
0.112405429601307,-0.110380065634705
0.87480056800549,-0.069298614579467
-0.102279664056829,-0.0387468235766555
-0.425572586202579,-0.0146224762577639
0.269009505961424,-0.0772233004697105
0.237736082111675,-0.0444465694221163
1.11476499147503,-0.0469549958370716
1.15583599610405,0.0939950441885406
1.37962637459823,0.0851492087312148
1.82692612166741,-0.138805163101985
0.316988885064843,-0.141279068918281
0.662800772366944,-0.152436543788538
-2.58979076376957,-0.129795775238612
-0.439822000421964,-0.0575766053976833
1.22887633193155,-0.0412005297551435
1.39970778852905,0.145417720559079
0.100995310631631,0.0445493241974878
0.398972037996625,-0.11085283195158
0.202345138038831,0.0082589057005754
-0.880213868630088,0.04253050667015
-0.291676905857501,0.0539775080416755
0.185466115868058,-0.0848945364624187
-0.363534890029797,-0.0529627804095346
-2.20286222485408,-0.0545257691459914
1.56289578946941,-0.0688379562557751
0.815990458963914,-0.0513571781292267
1.34167274482355,0.158718310430678
1.79397159596688,0.0950199460131739
0.135511349414777,-0.0277572429312401
0.739662154110856,0.0128267869812212
-1.99339672230142,0.0672123439083178
-1.10595648383879,0.058447711815928
-0.288078187402806,0.116770672822809
0.824018407818887,0.157509428806894
-0.310267825054921,0.0607044548952122
-1.61881293735325,0.0835585234339552
0.848209620813868,0.0492588950547991
-1.33141448280035,0.243650898541541
-0.527331959781157,0.282736942864495
0.884520765847244,0.0518991136182733
1.97654492485977,0.032754766646524
-0.936796400081578,-0.155878918673498
0.282374635213286,-0.0875309090205698
-0.591461338464359,-0.0629157893096049
0.735067322546877,0.0239467152602062
-0.806483925183487,0.0888905593904367
0.12478396984855,0.0868152302245712
1.08779112715285,0.151720475804609
-0.0652224644919258,0.0206788230310536
0.212235051497245,-0.114522615930329
-1.52032274144455,0.120459947505534
-1.8111241236836,-0.0434609077557434
1.04681982086476,0.118935574431769
1.69167533208299,-0.00330600132874676
-0.183986384750775,0.0239176010275936
-1.00113574803836,-0.267964949234075
-0.1313966136735,-0.19928831783475
-0.235985177025247,-0.062487814737157
0.718184486892205,-0.00915726238477857
0.426760988074201,0.174610206674927
0.20163324560258,0.040904278779267
0.648160178127211,-0.0646399827688754
1.00079091090654,-0.109059759193579
-0.498377830390556,0.00733682803461434
0.118367455834401,-0.0888244139749846
0.327852551432083,-0.0440938860785564
0.198800482366553,0.096819538537474
-0.0487707677612429,0.152057005115057
0.928040559714614,0.111997665028286
0.757376735680998,0.303653284594734
0.124242044288982,0.108813837102895
0.232917303843563,0.10735844321988
0.158481969472481,0.0744688205745203
-0.00109455377096804,0.148057356919004
-0.274633347514353,0.185442334988694
-0.963334820342366,0.0764354460714497
-0.738580776484918,0.07862965801536
-0.771825808452182,0.00758266792187005
-0.623551946878747,0.146437320194765
0.397787924562738,0.066773734928952
-0.308319823088453,0.0572895692818113
-1.0714342398126,-0.0454459490740168
-0.298194024186771,-0.118332200731624
0.255023854094749,-0.0865559286503694
1.13647801039864,0.10284902272304
1.08321024974625,0.058535911459455
0.129547773809298,0.298954345594376
-0.0249926781208794,0.163127953859854
1.00630326742942,0.0528550994576895
-0.059903583999327,0.0202476206825308
0.166002128040111,-0.069797291752044
-0.722693089849483,-3.80033605487947e-05
0.619276222456993,0.104634710644287
-0.582569115223299,0.0166693137078181
-1.63731011835772,-0.0366282897065276
-0.478399096165513,0.0413005416210962
0.56965375482893,0.0246414808708207
2.30040725211404,0.168499326431418
0.990783539478112,0.0450494798239183
0.208331640365345,-0.0151085950363071
-0.2710900765088,0.0298913546994719
-1.13953714175689,0.0676085329132439
-0.839965639031955,0.122096839083145
-0.192756114722031,0.272099708966002
-0.402921346765706,0.103659248086065
-0.0863367921212965,0.0958473693704451
-0.0596549413195112,0.207380032827121
0.587919702113374,0.0253396277577896
-0.393450054978256,0.100297689664956
0.688428079653191,0.0168344958237426
-0.197039497989917,0.111129679067892
0.907785556860491,0.0325524391273263
0.0880317128052149,-0.0579264145879496
1.29265518868636,0.100723699921261
0.97082472958211,0.00891414142534988
1.59700150597722,-0.0322536087503644
1.05408927634764,-0.00572583643938523
-0.475929823972543,0.0719147403585408
0.693443210075387,-0.0168745217494006
-0.116083271583281,0.0787848067797883
-1.14475784582285,-0.0580167429234723
1.05917973589582,-0.0849417657511553
0.795423906072281,-0.0376126023864835
-1.1389314988811,0.0235378273619061
0.00632715734507355,-0.29407746443495
1.70216340492963,-0.200819838391325
0.865926941834943,-0.172647934048758
-0.0469511255338531,-0.143530534591488
0.780264473510819,0.0185810564783287
0.409545469965607,-0.0170087546427795
-0.383298458006969,-0.205292705138204
-2.10929649714007,-0.206005241154583
-2.06414049883417,-0.0277213178672989
-0.72392142721614,0.0694520036702452
-1.10299763645882,0.218178381323993
0.633738727086362,0.000907485772777342
0.259270296777595,-0.0975926052443956
-1.07259744802363,-0.0481864565718797
-1.09950655896626,-0.0311375305398874
0.124986666359918,-0.0965066881188364
0.83123005633316,-0.0631250249742222
-0.6235617168349,0.0234029341092563
-0.155654973809692,-0.0711745095353625
0.0301438094297476,0.00108002596663299
0.975048856772345,0.0533172175847372
1.22675951851887,0.0640716546663478
0.183503449611536,-0.0168153306677986
0.730381754682357,0.19315363884013
0.904953468557384,0.143102228520617
0.23218622142036,0.108795538813829
2.5032474505005,0.0974320930143404
0.931114196428179,-0.0845832193890515
-0.860661019767595,0.0278070918464597
1.24318535145851,-0.0604785453583697
0.615169236620669,0.147381418640197
0.131738863293691,0.0746214403575319
-1.45450492969766,0.121097679938518
-0.764899498959422,0.172149799470085
-1.16279928427396,0.142081654751415
-0.468876127922007,0.308597462152957
0.75475144737654,0.121811701180023
1.87498537366213,-0.0465145367629538
1.13300985457402,0.123522513886672
0.574716683149832,0.0103410609500713
-0.980540433019899,-0.064566937591395
0.326876966324238,0.0234029796734377
0.288310042641541,0.187852501337548
-1.40950492029305,0.184324718578266
1.20058987951241,0.217263209658313
0.0507172356087598,0.42014569550986
0.757002799601958,0.376347926685313
-0.0618742345748342,0.205377546200258
-0.00705895341273524,0.322047680175987
-0.440331457591445,0.213027134009509
1.18111006829148,0.241589064338204
0.609801405970524,0.0494373840979993
-0.0662167225609261,0.0511115942378648
-0.497145862739958,0.00166416636571294
-1.37869716942047,0.0750295888021203
-0.350418005499068,0.00324108691877627
0.0777848124709327,0.256418911820859
-0.818541168902106,0.432325816342679
0.136538260974367,0.133511761048619
0.0589170318991229,0.173841587400113
0.428091802003682,0.276882126697142
0.115186387370619,0.293972499273782
-1.00854490693821,0.109888346051236
0.10420034916537,0.265654952355112
0.958888080535354,0.292071664859563
1.67778308980647,0.305882429458985
0.066781012504043,0.231930157543823
-0.369560276293038,0.0626299018971384
-1.04815369983397,-0.0437810647514517
-0.759288855972811,0.0879748623040873
0.59312671971673,-0.00601163678155829
1.16439970568131,0.0218080039966355
-1.10849772910139,0.0524890330171691
0.610357700401447,0.0827622281292283
0.81970664132596,-0.0132318147611038
0.114528530854841,0.0124773402584857
0.222698523799919,0.0303459905603761
-1.2909233073423,0.0689005739694964
0.304985180952688,-0.100904516759257
2.41962519427983,-0.0394777184875612
0.994441311821464,0.0639402272890232
3.08198084731049,0.106814645853585
2.92569804942877,0.0992586469564881
-0.204863641898356,-0.0475982809910125
-2.11929526463427,-0.105563078440222
-0.0860963171870456,0.0359280877482703
-0.176730527427144,-0.0562320122854092
-1.17792501115873,-0.0992268564874254
-0.803915550257219,-0.28065618154934
-1.86002393527567,-0.0828407877108381
-1.55509618958226,0.0616592677224965
-0.490710891610686,0.0728822867979724
2.32896822008725,0.111899658215659
-0.784470445242915,0.0193932954038919
0.758825128710675,0.148846307118936
0.63142070384821,0.157299076953539
-0.0785334643996933,0.119447013019
0.269135188249965,0.102903408383709
-1.45890408771485,-0.077256946371781
-0.50626736866178,0.0962010095379727
-0.666328920791158,0.0666931890966077
0.710602714894211,0.0823628287626749
0.0507958500702325,-0.116614724668626
0.178344874656395,0.0108701239896152
0.276383263148068,0.0414359282675873
0.624012237647867,-0.0955942390465593
0.281065320268218,0.0161649941212382
0.423616940793929,-0.105124486784895
-1.50999960260778,0.0657949371357721
0.000340505482273934,0.0348825057967509
-1.38911342555299,0.160864317666494
-0.803465178854784,0.182865217967678
-1.06623227481122,0.109928398914221
0.892238685168547,0.0903707754313315
1.28566087473025,0.0576642756918002
-0.121331247599778,-0.0977878144259771
1.34064855441876,-0.260369106521007
-0.80652994522972,0.0213276633040266
-2.93759358706291,-0.0469027900561155
-1.11771484405559,-0.146581644825621
-0.423482099450975,-0.153409322025905
-0.408393964229952,-0.0622752095993755
0.33076634606807,-0.0956245548863189
-0.76660357787667,-0.0679431093298284
0.463218001247169,-0.217283776079932
0.201716308515897,-0.211523374679759
-1.75238827414807,-0.220302806858172
1.19720803537036,-0.0783368300095008
1.54417920666441,0.0150883900043166
0.314042116462686,-0.140161922677693
0.883502943087521,-0.0811898794067965
1.65703465099463,0.0615154353305649
-0.605044790155987,0.115050725664445
-1.64612275691987,0.0722338485152325
-0.816603077862542,-0.199050675185757
-0.321454320235808,-0.269494877288233
0.118385486045428,-0.119629180377664
1.31382695950891,-0.0805018162139712
0.936297391729466,-0.0311562654278551
0.268131068224054,-0.204349722144504
-1.78103352454415,-0.261580918366147
-1.6468886233775,0.0417990263835066
0.458175011238991,-0.017157900279709
-0.946910520479848,0.00379155411397106
0.715764620541174,-0.0724617342685847
-0.794060454804426,0.00355727826178499
1.11211663789902,-0.344781708994785
-0.282015299286174,-0.303123346263079
0.15996742199103,-0.188248520386615
-3.01394933716546,0.068606923354165
-1.08023520975688,0.133801008581571
-0.217438724378629,0.167059794456976
-1.02121612930172,0.0464169548469113
1.01825467964336,0.196331746304912
2.70022608194131,-0.00269563943260326
2.19331467067095,0.00144966056223548
1.39642195734123,-0.00409685783603481
1.23615076533769,-0.161522704962411
0.435214758084355,0.0417241286081562
-0.758666377705042,0.0281492349213895
-1.58758701639974,0.00489526309409871
-0.249982584766636,0.126257045032026
1.03790507871545,-0.0918355440949112
0.227427829982311,-0.0900749304958278
0.181476955995783,-0.106612252784955
-0.582446731408643,-0.138985102524084
-0.691225321736812,-0.203763856302892
0.93053953215159,-0.341433595626258
-1.56854548333003,-0.2583940689008
-0.727936969620623,-0.0101293030727336
2.80207204635559,-0.0622997076677459
1.57816229157869,-0.154373182330509
-1.1644007461628,-0.132044761520451
-0.0441888904079932,0.0171089675345191
-2.2758637730121,-0.0921134299142727
-1.63437659971723,0.0285474273843496
-1.7878274770901,0.0228762955694001
-2.79479246724465,-0.0229513131751194
-1.1266296424872,-0.0455885713344844
-0.285715773170603,0.0451729900182518
1.89992010838799,-0.143073021388828
1.68918937330846,-0.0860254799634514
0.146304875595647,-0.0278891483026231
-0.622601087277267,-0.0656966161496651
-0.827630970199776,-0.124841765355764
-0.885412540330882,-0.262607201691123
0.867052801942866,-0.215379325764429
0.372456592874982,0.011597337149931
-0.0607418473429317,-0.00813131167786434
0.241621515908949,0.12163529602417
1.08729902000847,0.20111258684871
0.380688017227302,0.1344869897838
1.86774682979129,0.0596629497725337
0.547881763911321,0.00916487234972279
0.0295493350267314,-0.0175579573359248
-0.799729263778015,-0.0540132335931164
-0.0620013236361854,0.0198528032625956
-0.333423096898285,0.0380058203086283
0.726112557720412,0.0396968572845209
1.56959393535368,0.148913192005032
-0.0749516307759507,0.128383522233394
-0.969363328274055,0.0371853684302767
0.563621637562421,-0.036036158998029
0.373962072683097,-0.0292321376982631
0.567487023008235,-0.148332584442416
1.87940757563514,0.184006496387531
0.626295468899942,-0.00782981593906108
0.421167386036226,0.155937403974203
1.2590195732179,0.00228781509037346
0.0530574807560145,-0.0250790864328342
-0.371614729277139,-0.0914318730548918
-0.190931675876917,0.0895203331353758
0.309817575623548,0.00304596285342634
0.467127297236434,-0.0625804703236327
1.92290977777675,0.0531083544980501
2.05987532006211,0.0303951977898392
1.11658788092491,0.110210314126614
1.74373515052584,-0.129095435871532
0.991591566602251,-0.194243683333547
-1.54918822144338,-0.195546761197727
-0.0408845231145553,-0.11928154539716
0.806464858278041,0.0232857119234206
-0.102088847557144,0.0617356610277531
-2.05371577906325,0.0637173110721312
-3.07911293583789,0.215984160195412
-1.4294151275649,0.0270361332741597
0.36095610854003,-0.0899921010035233
0.175359203786224,0.0175416285023788
-1.27315638505933,-0.105432742596391
-0.624901368141626,0.0156155281591685
-0.254111611922147,-0.0136933071129578
-1.60254932351289,0.0103170073242435
-0.327727902773475,-0.0674620574712053
-2.38466544035574,0.103896760128697
-1.1392854851002,0.0401073729836722
0.883655976731158,0.0975586056329296
1.36603054807707,-0.109573800178182
1.63228112436012,-0.147888494120252
-0.350931070255826,0.0151094830351834
-0.106676677385473,0.12496489658747
0.1558897743358,0.00438268356739824
1.48923951175468,0.118265743894028
1.64704173099865,0.131149913274692
1.64221872804232,0.211129295006315
1.23287796178057,0.0452878838437067
1.51761608494197,-0.130752073057934
-0.345057830286623,-0.176427280233734
0.150161118092908,0.00674064596309787
0.691099392276722,-0.0439767547563545
1.46554276452556,-0.0832045678709781
1.37122290962897,0.0799617177496205
-1.38397926793235,0.0967617675126456
-0.82993567939477,-0.0952814899306219
-0.457870095238554,-0.0527316557616146
-0.0946437862267783,-0.0237029815725325
2.13261925472273,0.0500172873718801
1.1207588116526,0.00560470812798486
-0.188991239163284,-0.0149246488837799
0.847009513644239,-0.194903235967887
-2.60390236941059,-0.203931120006696
0.789396593194777,-0.0409138297980313
-0.45823702424433,0.0787691427421545
2.2773791801109,-0.0501205236736208
-1.27233664471133,-0.141948030159557
-0.678338311414154,-0.123023501381168
0.497966531918598,0.118413839513091
0.18074722598244,0.050436291245417
0.281463679569353,0.0757054512029756
-1.24423688790162,0.0899352826076777
0.698838204627841,0.0995111449949773
1.8192527380658,-0.0516686419029936
0.547688987847621,-0.0695321659594663
0.302190291749232,-0.0209503115372549
1.61051746285241,0.0366500568659757
1.00624329533437,0.241539637916817
0.264106405301322,0.157281835080045
-0.760367982290116,-0.0351692448575013
0.258565134697426,0.0922046854833493
1.32653847538217,-0.0995886066212542
1.00558137554707,-0.151556164024206
1.45640165072934,-0.045505463154316
1.69532930474981,0.0979757881654066
2.07813889808448,0.102088697394513
2.09898204871489,0.181183064826122
1.28144228579757,0.106595154124852
1.01020876981785,0.0941126134113087
0.459315128836664,0.1875849634251
-0.632226439903114,0.0810988827055252
0.520612136098617,0.0514776078457242
-1.66931223615686,-0.0192098663096579
0.0370380016070263,0.176815814157854
0.979905076712375,0.15474088340115
-0.504486681865406,0.152300889506344
-1.22935772963123,0.12832328310685
-1.52029878649994,0.138780541575117
-1.93476091135828,0.202286021200379
-0.672823998014285,0.239567781201263
-0.149378859866221,0.18866421261227
-1.09268085167573,0.327154005732558
1.15616886655785,0.0749793693836246
1.46269872130193,0.113108262535566
0.250417235807418,0.16884676176872
0.127489666646325,0.0852356754548453
0.045497948698497,0.0871902910666191
1.29365756425071,0.0861331338845808
1.36352954300366,-0.0629807400137781
1.16793363801623,0.131313221353327
-1.24807422539275,0.179103041020914
-0.221877920757328,-0.00172893146138463
1.46580266443821,-0.0120724388844794
1.17023461040169,-0.0233365345626878
-0.535951707250779,0.00313856209787436
0.945033572644667,0.179997461517363
-0.0705380324941053,-0.035483456681443
0.805726911963842,-0.0904281448053525
-0.807458607070697,-0.138996200595523
0.758379454459601,-0.129704833017565
-0.715649155793945,-0.0865011347117956
-1.45964721002968,-0.0343642839974459
-0.650590563980343,0.030668152222746
-2.09483295718019,-0.0771059240683149
-0.830039992746276,-0.198751143418027
-0.999569349113076,-0.0498409171483784
-0.461606705398609,-0.12098751463964
-2.34115151375095,-0.221534439500983
-1.18478143339535,-0.243405966741872
1.32236747307321,-0.144495735735786
0.0208886908404155,-0.0931724152778288
-1.03015641834287,0.0511635265083421
2.55547471200771,-0.0548921144458005
1.56542875620028,-0.104463164667972
-0.636028457945969,-0.171674690897002
-1.99117825375971,-0.11307511434358
-0.738658562693182,-0.0682951989718591
-0.316956379821385,-0.0187560776414634
1.51609790700016,-0.161154779304208
1.37282807774698,-0.250302448634971
-0.763298869082572,-0.0261842238257531
-1.41185310324017,-0.130396222056536
-1.69295940419357,0.0817876412679804
0.0267931546577008,-0.241481165846366
0.960196587874434,-0.123709912385747
-0.171097993880545,-0.146451154224967
0.99171550949302,0.0462758770117584
0.738972276860877,0.135532963001091
0.530423230477127,-0.105160671269436
-0.969526448601638,-0.260714676545024
0.993478094917015,-0.0968502552996075
1.44180598977025,-0.0267780275076825
1.6452779749018,-0.270120273040605
-1.38245711798636,-0.146813809903415
-0.165919730161548,-0.0176314751216685
0.0234327230401588,-0.0698872581596198
-2.09429836482772,-0.0856393779552673
0.955700082034424,-0.0209688298440072
-0.417548334619798,-0.118286033038105
